{
  "boundary": [
    {
      "Z": 0.0,
      "Y": 62080.226103462017,
      "X": -35503.483152996196
    },
    {
      "Z": 0.0,
      "Y": 62126.613315571536,
      "X": -35469.925462619991
    }
  ],
  "rooms": [],
  "doors": [],
  "totalArea": 1559.7,
  "units": "Meters",
  "scale": 1.0
}